lat,lang,lokasi
-0.9520238,114.8980464,Badan_Kepegawaian_dan_Pengembangan_Sumber_Daya_Manusia
-0.9520325,114.8980303,Badan_Kepegawaian_dan_Pengembangan_Sumber_Daya_Manusia
-0.9518691,114.8979069,Badan_Kepegawaian_dan_Pengembangan_Sumber_Daya_Manusia
-0.9520455,114.8980407,Badan_Kepegawaian_dan_Pengembangan_Sumber_Daya_Manusia
-0.9519252,114.8980139,Badan_Kepegawaian_dan_Pengembangan_Sumber_Daya_Manusia
-0.9521018,114.8979799,Badan_Kepegawaian_dan_Pengembangan_Sumber_Daya_Manusia
-0.9518635,114.8978877,Badan_Kepegawaian_dan_Pengembangan_Sumber_Daya_Manusia
-0.9519721,114.8978316,Badan_Kepegawaian_dan_Pengembangan_Sumber_Daya_Manusia
-0.9518969,114.8978642,Badan_Kepegawaian_dan_Pengembangan_Sumber_Daya_Manusia
-0.9519879,114.8980606,Badan_Kepegawaian_dan_Pengembangan_Sumber_Daya_Manusia
-0.9518562,114.8979458,Badan_Kepegawaian_dan_Pengembangan_Sumber_Daya_Manusia
-0.9520947,114.8978964,Badan_Kepegawaian_dan_Pengembangan_Sumber_Daya_Manusia
-0.9518547,114.8979162,Badan_Kepegawaian_dan_Pengembangan_Sumber_Daya_Manusia
-0.9520273,114.8979177,Badan_Kepegawaian_dan_Pengembangan_Sumber_Daya_Manusia
-0.9521094,114.8979743,Badan_Kepegawaian_dan_Pengembangan_Sumber_Daya_Manusia
-0.9520416,114.8979551,Badan_Kepegawaian_dan_Pengembangan_Sumber_Daya_Manusia
-0.9521028,114.8979158,Badan_Kepegawaian_dan_Pengembangan_Sumber_Daya_Manusia
-0.9521057,114.8980404,Badan_Kepegawaian_dan_Pengembangan_Sumber_Daya_Manusia
-0.9519403,114.8980027,Badan_Kepegawaian_dan_Pengembangan_Sumber_Daya_Manusia
-0.9519873,114.8980611,Badan_Kepegawaian_dan_Pengembangan_Sumber_Daya_Manusia
-0.9520851,114.8980175,Badan_Kepegawaian_dan_Pengembangan_Sumber_Daya_Manusia
-0.9519781,114.8980017,Badan_Kepegawaian_dan_Pengembangan_Sumber_Daya_Manusia
-0.9520125,114.8980675,Badan_Kepegawaian_dan_Pengembangan_Sumber_Daya_Manusia
-0.9519226,114.8980158,Badan_Kepegawaian_dan_Pengembangan_Sumber_Daya_Manusia
-0.9519453,114.8979985,Badan_Kepegawaian_dan_Pengembangan_Sumber_Daya_Manusia
-0.9519257,114.8979148,Badan_Kepegawaian_dan_Pengembangan_Sumber_Daya_Manusia
-0.9519869,114.8980414,Badan_Kepegawaian_dan_Pengembangan_Sumber_Daya_Manusia
-0.9519062,114.8980029,Badan_Kepegawaian_dan_Pengembangan_Sumber_Daya_Manusia
-0.9520753,114.8979448,Badan_Kepegawaian_dan_Pengembangan_Sumber_Daya_Manusia
-0.9520594,114.8979731,Badan_Kepegawaian_dan_Pengembangan_Sumber_Daya_Manusia
-0.9519309,114.8979422,Badan_Kepegawaian_dan_Pengembangan_Sumber_Daya_Manusia
-0.9519371,114.8979749,Badan_Kepegawaian_dan_Pengembangan_Sumber_Daya_Manusia
-0.9520102,114.8980271,Badan_Kepegawaian_dan_Pengembangan_Sumber_Daya_Manusia
-0.9520166,114.8979028,Badan_Kepegawaian_dan_Pengembangan_Sumber_Daya_Manusia
-0.9519737,114.8979306,Badan_Kepegawaian_dan_Pengembangan_Sumber_Daya_Manusia
-0.9521059,114.8979278,Badan_Kepegawaian_dan_Pengembangan_Sumber_Daya_Manusia
-0.9520484,114.8978822,Badan_Kepegawaian_dan_Pengembangan_Sumber_Daya_Manusia
-0.9519749,114.8980572,Badan_Kepegawaian_dan_Pengembangan_Sumber_Daya_Manusia
-0.9521102,114.8979489,Badan_Kepegawaian_dan_Pengembangan_Sumber_Daya_Manusia
-0.9518965,114.8980066,Badan_Kepegawaian_dan_Pengembangan_Sumber_Daya_Manusia
-0.9519559,114.8979018,Badan_Kepegawaian_dan_Pengembangan_Sumber_Daya_Manusia
-0.9518939,114.8979979,Badan_Kepegawaian_dan_Pengembangan_Sumber_Daya_Manusia
-0.9520103,114.8980259,Badan_Kepegawaian_dan_Pengembangan_Sumber_Daya_Manusia
-0.9518671,114.8978904,Badan_Kepegawaian_dan_Pengembangan_Sumber_Daya_Manusia
-0.9520356,114.8978734,Badan_Kepegawaian_dan_Pengembangan_Sumber_Daya_Manusia
-0.9519919,114.8979829,Badan_Kepegawaian_dan_Pengembangan_Sumber_Daya_Manusia
-0.9519843,114.8980441,Badan_Kepegawaian_dan_Pengembangan_Sumber_Daya_Manusia
-0.9520281,114.8978637,Badan_Kepegawaian_dan_Pengembangan_Sumber_Daya_Manusia
-0.9520168,114.8980563,Badan_Kepegawaian_dan_Pengembangan_Sumber_Daya_Manusia
-0.9518977,114.8979654,Badan_Kepegawaian_dan_Pengembangan_Sumber_Daya_Manusia
-0.9519112,114.8979409,Badan_Kepegawaian_dan_Pengembangan_Sumber_Daya_Manusia
-0.9520588,114.8978863,Badan_Kepegawaian_dan_Pengembangan_Sumber_Daya_Manusia
-0.9518969,114.8978928,Badan_Kepegawaian_dan_Pengembangan_Sumber_Daya_Manusia
-0.9519246,114.8979832,Badan_Kepegawaian_dan_Pengembangan_Sumber_Daya_Manusia
-0.9520419,114.8979683,Badan_Kepegawaian_dan_Pengembangan_Sumber_Daya_Manusia
-0.9520545,114.8978632,Badan_Kepegawaian_dan_Pengembangan_Sumber_Daya_Manusia
-0.9519242,114.8978332,Badan_Kepegawaian_dan_Pengembangan_Sumber_Daya_Manusia
-0.9519974,114.8978626,Badan_Kepegawaian_dan_Pengembangan_Sumber_Daya_Manusia
-0.9520592,114.8979043,Badan_Kepegawaian_dan_Pengembangan_Sumber_Daya_Manusia
-0.9518843,114.8979826,Badan_Kepegawaian_dan_Pengembangan_Sumber_Daya_Manusia
-0.9518897,114.8978338,Badan_Kepegawaian_dan_Pengembangan_Sumber_Daya_Manusia
-0.9519542,114.8978881,Badan_Kepegawaian_dan_Pengembangan_Sumber_Daya_Manusia
-0.9520401,114.8980114,Badan_Kepegawaian_dan_Pengembangan_Sumber_Daya_Manusia
-0.9519643,114.8980044,Badan_Kepegawaian_dan_Pengembangan_Sumber_Daya_Manusia
-0.9521074,114.8980281,Badan_Kepegawaian_dan_Pengembangan_Sumber_Daya_Manusia
-0.9519082,114.8979039,Badan_Kepegawaian_dan_Pengembangan_Sumber_Daya_Manusia
-0.9518475,114.8979402,Badan_Kepegawaian_dan_Pengembangan_Sumber_Daya_Manusia
-0.9518864,114.8979009,Badan_Kepegawaian_dan_Pengembangan_Sumber_Daya_Manusia
-0.9519148,114.8980396,Badan_Kepegawaian_dan_Pengembangan_Sumber_Daya_Manusia
-0.9519236,114.8979921,Badan_Kepegawaian_dan_Pengembangan_Sumber_Daya_Manusia
-0.9521067,114.8980245,Badan_Kepegawaian_dan_Pengembangan_Sumber_Daya_Manusia
-0.9520587,114.8980182,Badan_Kepegawaian_dan_Pengembangan_Sumber_Daya_Manusia
-0.9519178,114.8979866,Badan_Kepegawaian_dan_Pengembangan_Sumber_Daya_Manusia
-0.9519147,114.8979646,Badan_Kepegawaian_dan_Pengembangan_Sumber_Daya_Manusia
-0.9518906,114.8978609,Badan_Kepegawaian_dan_Pengembangan_Sumber_Daya_Manusia
-0.9519594,114.8978264,Badan_Kepegawaian_dan_Pengembangan_Sumber_Daya_Manusia
-0.9519274,114.8978682,Badan_Kepegawaian_dan_Pengembangan_Sumber_Daya_Manusia
-0.9520807,114.8980097,Badan_Kepegawaian_dan_Pengembangan_Sumber_Daya_Manusia
-0.9520159,114.8978516,Badan_Kepegawaian_dan_Pengembangan_Sumber_Daya_Manusia
-0.9520936,114.8979127,Badan_Kepegawaian_dan_Pengembangan_Sumber_Daya_Manusia
-0.9520703,114.8980084,Badan_Kepegawaian_dan_Pengembangan_Sumber_Daya_Manusia
-0.9520149,114.8980445,Badan_Kepegawaian_dan_Pengembangan_Sumber_Daya_Manusia
-0.9520129,114.8978523,Badan_Kepegawaian_dan_Pengembangan_Sumber_Daya_Manusia
-0.9520321,114.8979794,Badan_Kepegawaian_dan_Pengembangan_Sumber_Daya_Manusia
-0.9520363,114.8979319,Badan_Kepegawaian_dan_Pengembangan_Sumber_Daya_Manusia
-0.9519718,114.8978403,Badan_Kepegawaian_dan_Pengembangan_Sumber_Daya_Manusia
-0.9520143,114.8978583,Badan_Kepegawaian_dan_Pengembangan_Sumber_Daya_Manusia
-0.9520875,114.8979821,Badan_Kepegawaian_dan_Pengembangan_Sumber_Daya_Manusia
-0.9518593,114.8978985,Badan_Kepegawaian_dan_Pengembangan_Sumber_Daya_Manusia
-0.9519533,114.8980104,Badan_Kepegawaian_dan_Pengembangan_Sumber_Daya_Manusia
-0.9520325,114.8979623,Badan_Kepegawaian_dan_Pengembangan_Sumber_Daya_Manusia
-0.9521076,114.8979709,Badan_Kepegawaian_dan_Pengembangan_Sumber_Daya_Manusia
-0.9519705,114.8979712,Badan_Kepegawaian_dan_Pengembangan_Sumber_Daya_Manusia
-0.9520424,114.8979887,Badan_Kepegawaian_dan_Pengembangan_Sumber_Daya_Manusia
-0.9521192,114.8979313,Badan_Kepegawaian_dan_Pengembangan_Sumber_Daya_Manusia
-0.9519295,114.8980466,Badan_Kepegawaian_dan_Pengembangan_Sumber_Daya_Manusia
-0.9520256,114.8978501,Badan_Kepegawaian_dan_Pengembangan_Sumber_Daya_Manusia
-0.9519752,114.8978466,Badan_Kepegawaian_dan_Pengembangan_Sumber_Daya_Manusia
-0.9519172,114.8979103,Badan_Kepegawaian_dan_Pengembangan_Sumber_Daya_Manusia
-0.9520274,114.8980051,Badan_Kepegawaian_dan_Pengembangan_Sumber_Daya_Manusia
-0.9551337,114.8946324,DAMKAR_JL_PRAMUKA_STADION
-0.9551468,114.8945836,DAMKAR_JL_PRAMUKA_STADION
-0.9551745,114.8946136,DAMKAR_JL_PRAMUKA_STADION
-0.9552002,114.8946524,DAMKAR_JL_PRAMUKA_STADION
-0.9551978,114.8946578,DAMKAR_JL_PRAMUKA_STADION
-0.9551423,114.8945704,DAMKAR_JL_PRAMUKA_STADION
-0.9551165,114.8946179,DAMKAR_JL_PRAMUKA_STADION
-0.9551381,114.8946563,DAMKAR_JL_PRAMUKA_STADION
-0.9551638,114.8946393,DAMKAR_JL_PRAMUKA_STADION
-0.9551854,114.8946567,DAMKAR_JL_PRAMUKA_STADION
-0.9551741,114.8946697,DAMKAR_JL_PRAMUKA_STADION
-0.9551708,114.8946763,DAMKAR_JL_PRAMUKA_STADION
-0.9551446,114.8946502,DAMKAR_JL_PRAMUKA_STADION
-0.9552085,114.8946354,DAMKAR_JL_PRAMUKA_STADION
-0.9551828,114.8945791,DAMKAR_JL_PRAMUKA_STADION
-0.9551525,114.8945942,DAMKAR_JL_PRAMUKA_STADION
-0.9551638,114.8946266,DAMKAR_JL_PRAMUKA_STADION
-0.9551755,114.8946668,DAMKAR_JL_PRAMUKA_STADION
-0.9551821,114.8946104,DAMKAR_JL_PRAMUKA_STADION
-0.9551644,114.8945993,DAMKAR_JL_PRAMUKA_STADION
-0.9551332,114.8946727,DAMKAR_JL_PRAMUKA_STADION
-0.9551785,114.8946709,DAMKAR_JL_PRAMUKA_STADION
-0.9551287,114.8946215,DAMKAR_JL_PRAMUKA_STADION
-0.9551082,114.8946347,DAMKAR_JL_PRAMUKA_STADION
-0.9551432,114.8946575,DAMKAR_JL_PRAMUKA_STADION
-0.9551372,114.8945621,DAMKAR_JL_PRAMUKA_STADION
-0.9551302,114.8946566,DAMKAR_JL_PRAMUKA_STADION
-0.9551411,114.8946469,DAMKAR_JL_PRAMUKA_STADION
-0.9551592,114.8945767,DAMKAR_JL_PRAMUKA_STADION
-0.9551093,114.8946299,DAMKAR_JL_PRAMUKA_STADION
-0.9551597,114.8946715,DAMKAR_JL_PRAMUKA_STADION
-0.9552165,114.8946241,DAMKAR_JL_PRAMUKA_STADION
-0.9551535,114.8946555,DAMKAR_JL_PRAMUKA_STADION
-0.9551375,114.8946633,DAMKAR_JL_PRAMUKA_STADION
-0.9551299,114.8946431,DAMKAR_JL_PRAMUKA_STADION
-0.9551165,114.8946083,DAMKAR_JL_PRAMUKA_STADION
-0.9551236,114.8946051,DAMKAR_JL_PRAMUKA_STADION
-0.9551097,114.8946283,DAMKAR_JL_PRAMUKA_STADION
-0.9551697,114.8946501,DAMKAR_JL_PRAMUKA_STADION
-0.9551636,114.8946139,DAMKAR_JL_PRAMUKA_STADION
-0.9551249,114.8945909,DAMKAR_JL_PRAMUKA_STADION
-0.9552204,114.8946213,DAMKAR_JL_PRAMUKA_STADION
-0.9551531,114.8945912,DAMKAR_JL_PRAMUKA_STADION
-0.9551884,114.8946236,DAMKAR_JL_PRAMUKA_STADION
-0.9551175,114.8945854,DAMKAR_JL_PRAMUKA_STADION
-0.9551253,114.8946569,DAMKAR_JL_PRAMUKA_STADION
-0.9551289,114.8945929,DAMKAR_JL_PRAMUKA_STADION
-0.9551595,114.8946482,DAMKAR_JL_PRAMUKA_STADION
-0.9551405,114.8945994,DAMKAR_JL_PRAMUKA_STADION
-0.9551563,114.8946751,DAMKAR_JL_PRAMUKA_STADION
-0.9551493,114.8946706,DAMKAR_JL_PRAMUKA_STADION
-0.9551848,114.8946741,DAMKAR_JL_PRAMUKA_STADION
-0.9551588,114.8946777,DAMKAR_JL_PRAMUKA_STADION
-0.9551812,114.8945815,DAMKAR_JL_PRAMUKA_STADION
-0.9551524,114.8946622,DAMKAR_JL_PRAMUKA_STADION
-0.9551796,114.8946387,DAMKAR_JL_PRAMUKA_STADION
-0.9551465,114.8945857,DAMKAR_JL_PRAMUKA_STADION
-0.9551973,114.8946203,DAMKAR_JL_PRAMUKA_STADION
-0.9551744,114.8946259,DAMKAR_JL_PRAMUKA_STADION
-0.9551872,114.8945771,DAMKAR_JL_PRAMUKA_STADION
-0.9551615,114.8946695,DAMKAR_JL_PRAMUKA_STADION
-0.9551685,114.8945842,DAMKAR_JL_PRAMUKA_STADION
-0.9551639,114.8946626,DAMKAR_JL_PRAMUKA_STADION
-0.9551677,114.8945689,DAMKAR_JL_PRAMUKA_STADION
-0.9551237,114.8946164,DAMKAR_JL_PRAMUKA_STADION
-0.9551592,114.8946297,DAMKAR_JL_PRAMUKA_STADION
-0.9551856,114.8945825,DAMKAR_JL_PRAMUKA_STADION
-0.9551733,114.8945931,DAMKAR_JL_PRAMUKA_STADION
-0.9551402,114.8946041,DAMKAR_JL_PRAMUKA_STADION
-0.9551268,114.8946247,DAMKAR_JL_PRAMUKA_STADION
-0.9551672,114.8946338,DAMKAR_JL_PRAMUKA_STADION
-0.9551344,114.8945945,DAMKAR_JL_PRAMUKA_STADION
-0.9551884,114.8945761,DAMKAR_JL_PRAMUKA_STADION
-0.9551219,114.8946685,DAMKAR_JL_PRAMUKA_STADION
-0.9551812,114.8945729,DAMKAR_JL_PRAMUKA_STADION
-0.9551789,114.8946241,DAMKAR_JL_PRAMUKA_STADION
-0.9551919,114.8946481,DAMKAR_JL_PRAMUKA_STADION
-0.9551871,114.8946025,DAMKAR_JL_PRAMUKA_STADION
-0.9551838,114.8945988,DAMKAR_JL_PRAMUKA_STADION
-0.9551651,114.8945792,DAMKAR_JL_PRAMUKA_STADION
-0.9551127,114.8946079,DAMKAR_JL_PRAMUKA_STADION
-0.9551418,114.8946109,DAMKAR_JL_PRAMUKA_STADION
-0.9551121,114.8946494,DAMKAR_JL_PRAMUKA_STADION
-0.9551371,114.8946003,DAMKAR_JL_PRAMUKA_STADION
-0.9551954,114.8946218,DAMKAR_JL_PRAMUKA_STADION
-0.9552037,114.8945912,DAMKAR_JL_PRAMUKA_STADION
-0.9551648,114.8946131,DAMKAR_JL_PRAMUKA_STADION
-0.9551957,114.8946415,DAMKAR_JL_PRAMUKA_STADION
-0.9551434,114.8945637,DAMKAR_JL_PRAMUKA_STADION
-0.9551345,114.8946175,DAMKAR_JL_PRAMUKA_STADION
-0.9552103,114.8945969,DAMKAR_JL_PRAMUKA_STADION
-0.9551285,114.8946569,DAMKAR_JL_PRAMUKA_STADION
-0.9551235,114.8945833,DAMKAR_JL_PRAMUKA_STADION
-0.9551458,114.8946338,DAMKAR_JL_PRAMUKA_STADION
-0.9551225,114.8946465,DAMKAR_JL_PRAMUKA_STADION
-0.9551517,114.8946161,DAMKAR_JL_PRAMUKA_STADION
-0.9551816,114.8946715,DAMKAR_JL_PRAMUKA_STADION
-0.9551747,114.8946562,DAMKAR_JL_PRAMUKA_STADION
-0.9551501,114.8946792,DAMKAR_JL_PRAMUKA_STADION
-0.9551901,114.8946578,DAMKAR_JL_PRAMUKA_STADION
-0.9553223,114.8977689,Dinas_Ketahanan_Pangan_dan_Perikanan
-0.9552583,114.8977155,Dinas_Ketahanan_Pangan_dan_Perikanan
-0.9552601,114.8977097,Dinas_Ketahanan_Pangan_dan_Perikanan
-0.9552987,114.8977448,Dinas_Ketahanan_Pangan_dan_Perikanan
-0.9553063,114.8976647,Dinas_Ketahanan_Pangan_dan_Perikanan
-0.9552747,114.8976798,Dinas_Ketahanan_Pangan_dan_Perikanan
-0.9553771,114.8976757,Dinas_Ketahanan_Pangan_dan_Perikanan
-0.9553124,114.8977751,Dinas_Ketahanan_Pangan_dan_Perikanan
-0.9552763,114.8976788,Dinas_Ketahanan_Pangan_dan_Perikanan
-0.9553224,114.8977271,Dinas_Ketahanan_Pangan_dan_Perikanan
-0.9552811,114.8977451,Dinas_Ketahanan_Pangan_dan_Perikanan
-0.9552755,114.8977033,Dinas_Ketahanan_Pangan_dan_Perikanan
-0.9552571,114.8977156,Dinas_Ketahanan_Pangan_dan_Perikanan
-0.9552896,114.8976466,Dinas_Ketahanan_Pangan_dan_Perikanan
-0.9553181,114.8977587,Dinas_Ketahanan_Pangan_dan_Perikanan
-0.9553147,114.8977362,Dinas_Ketahanan_Pangan_dan_Perikanan
-0.9553923,114.8977177,Dinas_Ketahanan_Pangan_dan_Perikanan
-0.9552931,114.8977375,Dinas_Ketahanan_Pangan_dan_Perikanan
-0.9552805,114.8976953,Dinas_Ketahanan_Pangan_dan_Perikanan
-0.9553335,114.8976749,Dinas_Ketahanan_Pangan_dan_Perikanan
-0.9553538,114.8977742,Dinas_Ketahanan_Pangan_dan_Perikanan
-0.9553922,114.8977586,Dinas_Ketahanan_Pangan_dan_Perikanan
-0.9552862,114.8977551,Dinas_Ketahanan_Pangan_dan_Perikanan
-0.9553635,114.8977301,Dinas_Ketahanan_Pangan_dan_Perikanan
-0.9553092,114.8977835,Dinas_Ketahanan_Pangan_dan_Perikanan
-0.9552536,114.8977082,Dinas_Ketahanan_Pangan_dan_Perikanan
-0.9553196,114.8977787,Dinas_Ketahanan_Pangan_dan_Perikanan
-0.9553825,114.8977763,Dinas_Ketahanan_Pangan_dan_Perikanan
-0.9553059,114.8977662,Dinas_Ketahanan_Pangan_dan_Perikanan
-0.9553312,114.8976761,Dinas_Ketahanan_Pangan_dan_Perikanan
-0.9553706,114.8977449,Dinas_Ketahanan_Pangan_dan_Perikanan
-0.9553533,114.8977087,Dinas_Ketahanan_Pangan_dan_Perikanan
-0.9553729,114.8977447,Dinas_Ketahanan_Pangan_dan_Perikanan
-0.9553492,114.8976871,Dinas_Ketahanan_Pangan_dan_Perikanan
-0.9553831,114.8976844,Dinas_Ketahanan_Pangan_dan_Perikanan
-0.9553157,114.8977171,Dinas_Ketahanan_Pangan_dan_Perikanan
-0.9553212,114.8977288,Dinas_Ketahanan_Pangan_dan_Perikanan
-0.9552868,114.8977434,Dinas_Ketahanan_Pangan_dan_Perikanan
-0.9553202,114.8977623,Dinas_Ketahanan_Pangan_dan_Perikanan
-0.9553559,114.8977242,Dinas_Ketahanan_Pangan_dan_Perikanan
-0.9553656,114.8976849,Dinas_Ketahanan_Pangan_dan_Perikanan
-0.9553801,114.8977592,Dinas_Ketahanan_Pangan_dan_Perikanan
-0.9553497,114.8977579,Dinas_Ketahanan_Pangan_dan_Perikanan
-0.9553711,114.8977091,Dinas_Ketahanan_Pangan_dan_Perikanan
-0.9552621,114.8976975,Dinas_Ketahanan_Pangan_dan_Perikanan
-0.9553165,114.8977276,Dinas_Ketahanan_Pangan_dan_Perikanan
-0.9552978,114.8976534,Dinas_Ketahanan_Pangan_dan_Perikanan
-0.9553815,114.8977613,Dinas_Ketahanan_Pangan_dan_Perikanan
-0.9552665,114.8977714,Dinas_Ketahanan_Pangan_dan_Perikanan
-0.9553773,114.8977903,Dinas_Ketahanan_Pangan_dan_Perikanan
-0.9553056,114.8976943,Dinas_Ketahanan_Pangan_dan_Perikanan
-0.9553104,114.8977178,Dinas_Ketahanan_Pangan_dan_Perikanan
-0.9553397,114.8977326,Dinas_Ketahanan_Pangan_dan_Perikanan
-0.9553859,114.8977258,Dinas_Ketahanan_Pangan_dan_Perikanan
-0.9553319,114.8977807,Dinas_Ketahanan_Pangan_dan_Perikanan
-0.9553737,114.8977781,Dinas_Ketahanan_Pangan_dan_Perikanan
-0.9553314,114.8977675,Dinas_Ketahanan_Pangan_dan_Perikanan
-0.9553325,114.8977538,Dinas_Ketahanan_Pangan_dan_Perikanan
-0.9553634,114.8977263,Dinas_Ketahanan_Pangan_dan_Perikanan
-0.9553477,114.8976749,Dinas_Ketahanan_Pangan_dan_Perikanan
-0.9553619,114.8977514,Dinas_Ketahanan_Pangan_dan_Perikanan
-0.9553006,114.8977763,Dinas_Ketahanan_Pangan_dan_Perikanan
-0.9553743,114.8976924,Dinas_Ketahanan_Pangan_dan_Perikanan
-0.9553785,114.8977474,Dinas_Ketahanan_Pangan_dan_Perikanan
-0.9553594,114.8977098,Dinas_Ketahanan_Pangan_dan_Perikanan
-0.9553223,114.8976711,Dinas_Ketahanan_Pangan_dan_Perikanan
-0.9553902,114.8976842,Dinas_Ketahanan_Pangan_dan_Perikanan
-0.9553152,114.8977712,Dinas_Ketahanan_Pangan_dan_Perikanan
-0.9553152,114.8976947,Dinas_Ketahanan_Pangan_dan_Perikanan
-0.9553701,114.8977464,Dinas_Ketahanan_Pangan_dan_Perikanan
-0.9553038,114.8976477,Dinas_Ketahanan_Pangan_dan_Perikanan
-0.9553542,114.8977634,Dinas_Ketahanan_Pangan_dan_Perikanan
-0.9553611,114.8977803,Dinas_Ketahanan_Pangan_dan_Perikanan
-0.9553873,114.8976806,Dinas_Ketahanan_Pangan_dan_Perikanan
-0.9552575,114.8977328,Dinas_Ketahanan_Pangan_dan_Perikanan
-0.9553748,114.8977638,Dinas_Ketahanan_Pangan_dan_Perikanan
-0.9553763,114.8977139,Dinas_Ketahanan_Pangan_dan_Perikanan
-0.9553871,114.8977714,Dinas_Ketahanan_Pangan_dan_Perikanan
-0.9553235,114.8977632,Dinas_Ketahanan_Pangan_dan_Perikanan
-0.9552699,114.8977302,Dinas_Ketahanan_Pangan_dan_Perikanan
-0.9552894,114.8977367,Dinas_Ketahanan_Pangan_dan_Perikanan
-0.9553896,114.8977503,Dinas_Ketahanan_Pangan_dan_Perikanan
-0.9553484,114.8977324,Dinas_Ketahanan_Pangan_dan_Perikanan
-0.9552662,114.8977206,Dinas_Ketahanan_Pangan_dan_Perikanan
-0.9553446,114.8977874,Dinas_Ketahanan_Pangan_dan_Perikanan
-0.9553112,114.8976409,Dinas_Ketahanan_Pangan_dan_Perikanan
-0.9553436,114.8976785,Dinas_Ketahanan_Pangan_dan_Perikanan
-0.9553557,114.8976601,Dinas_Ketahanan_Pangan_dan_Perikanan
-0.9553415,114.8977951,Dinas_Ketahanan_Pangan_dan_Perikanan
-0.9552887,114.8977428,Dinas_Ketahanan_Pangan_dan_Perikanan
-0.9553864,114.8977782,Dinas_Ketahanan_Pangan_dan_Perikanan
-0.9553024,114.8977563,Dinas_Ketahanan_Pangan_dan_Perikanan
-0.9552769,114.8977464,Dinas_Ketahanan_Pangan_dan_Perikanan
-0.9553558,114.8976677,Dinas_Ketahanan_Pangan_dan_Perikanan
-0.9552759,114.8976637,Dinas_Ketahanan_Pangan_dan_Perikanan
-0.9553235,114.8977259,Dinas_Ketahanan_Pangan_dan_Perikanan
-0.9553088,114.8977314,Dinas_Ketahanan_Pangan_dan_Perikanan
-0.9553635,114.8977058,Dinas_Ketahanan_Pangan_dan_Perikanan
-0.9553563,114.8976865,Dinas_Ketahanan_Pangan_dan_Perikanan
-0.9552686,114.8977249,Dinas_Ketahanan_Pangan_dan_Perikanan
-0.9520873,114.8974868,Dinas_Lingkungan_Hidup
-0.9520959,114.8975791,Dinas_Lingkungan_Hidup
-0.9521321,114.8975381,Dinas_Lingkungan_Hidup
-0.9520491,114.8974922,Dinas_Lingkungan_Hidup
-0.9521272,114.8974567,Dinas_Lingkungan_Hidup
-0.9520075,114.8975352,Dinas_Lingkungan_Hidup
-0.9520411,114.8975076,Dinas_Lingkungan_Hidup
-0.9520552,114.8974792,Dinas_Lingkungan_Hidup
-0.9520004,114.8974963,Dinas_Lingkungan_Hidup
-0.9521299,114.8974834,Dinas_Lingkungan_Hidup
-0.9521102,114.8974657,Dinas_Lingkungan_Hidup
-0.9520627,114.8975064,Dinas_Lingkungan_Hidup
-0.9519963,114.8975111,Dinas_Lingkungan_Hidup
-0.9520262,114.8974488,Dinas_Lingkungan_Hidup
-0.9520457,114.8975342,Dinas_Lingkungan_Hidup
-0.9520843,114.8975392,Dinas_Lingkungan_Hidup
-0.9521181,114.8974921,Dinas_Lingkungan_Hidup
-0.9521652,114.8975483,Dinas_Lingkungan_Hidup
-0.9520317,114.8974736,Dinas_Lingkungan_Hidup
-0.9520983,114.8975044,Dinas_Lingkungan_Hidup
-0.9520444,114.8974505,Dinas_Lingkungan_Hidup
-0.9521211,114.8975397,Dinas_Lingkungan_Hidup
-0.9520154,114.8974696,Dinas_Lingkungan_Hidup
-0.9521687,114.8975531,Dinas_Lingkungan_Hidup
-0.9521641,114.8975611,Dinas_Lingkungan_Hidup
-0.9519701,114.8974707,Dinas_Lingkungan_Hidup
-0.9521744,114.8975319,Dinas_Lingkungan_Hidup
-0.9520666,114.8974982,Dinas_Lingkungan_Hidup
-0.9521521,114.8975296,Dinas_Lingkungan_Hidup
-0.9521805,114.8975138,Dinas_Lingkungan_Hidup
-0.9520612,114.8974516,Dinas_Lingkungan_Hidup
-0.9519769,114.8974596,Dinas_Lingkungan_Hidup
-0.9521389,114.8975048,Dinas_Lingkungan_Hidup
-0.9519693,114.8975319,Dinas_Lingkungan_Hidup
-0.9520747,114.8974944,Dinas_Lingkungan_Hidup
-0.9520224,114.8975243,Dinas_Lingkungan_Hidup
-0.9520532,114.8974725,Dinas_Lingkungan_Hidup
-0.9521275,114.8974682,Dinas_Lingkungan_Hidup
-0.9520208,114.8975058,Dinas_Lingkungan_Hidup
-0.9521474,114.8975358,Dinas_Lingkungan_Hidup
-0.9520205,114.8974763,Dinas_Lingkungan_Hidup
-0.9520108,114.8974627,Dinas_Lingkungan_Hidup
-0.9521632,114.8974821,Dinas_Lingkungan_Hidup
-0.9520845,114.8974938,Dinas_Lingkungan_Hidup
-0.9521394,114.8974927,Dinas_Lingkungan_Hidup
-0.9521253,114.8975149,Dinas_Lingkungan_Hidup
-0.9520893,114.8974949,Dinas_Lingkungan_Hidup
-0.9521101,114.8974862,Dinas_Lingkungan_Hidup
-0.9520487,114.8975131,Dinas_Lingkungan_Hidup
-0.9520981,114.8974991,Dinas_Lingkungan_Hidup
-0.9520403,114.8975216,Dinas_Lingkungan_Hidup
-0.9520664,114.8975822,Dinas_Lingkungan_Hidup
-0.9520894,114.8975391,Dinas_Lingkungan_Hidup
-0.9519895,114.8975139,Dinas_Lingkungan_Hidup
-0.9521398,114.8975718,Dinas_Lingkungan_Hidup
-0.9520725,114.8975453,Dinas_Lingkungan_Hidup
-0.9519943,114.8974667,Dinas_Lingkungan_Hidup
-0.9520146,114.8975061,Dinas_Lingkungan_Hidup
-0.9520323,114.8975358,Dinas_Lingkungan_Hidup
-0.9520906,114.8974557,Dinas_Lingkungan_Hidup
-0.9520338,114.8975524,Dinas_Lingkungan_Hidup
-0.9520265,114.8975027,Dinas_Lingkungan_Hidup
-0.9519714,114.8975172,Dinas_Lingkungan_Hidup
-0.9520769,114.8974878,Dinas_Lingkungan_Hidup
-0.9521236,114.8975073,Dinas_Lingkungan_Hidup
-0.9521308,114.8975734,Dinas_Lingkungan_Hidup
-0.9519962,114.8975298,Dinas_Lingkungan_Hidup
-0.9520718,114.8975377,Dinas_Lingkungan_Hidup
-0.9520159,114.8975582,Dinas_Lingkungan_Hidup
-0.9520718,114.8974903,Dinas_Lingkungan_Hidup
-0.9520803,114.8975719,Dinas_Lingkungan_Hidup
-0.9521817,114.8975095,Dinas_Lingkungan_Hidup
-0.9520836,114.8975068,Dinas_Lingkungan_Hidup
-0.9520155,114.8975442,Dinas_Lingkungan_Hidup
-0.9520249,114.8974644,Dinas_Lingkungan_Hidup
-0.9520769,114.8975645,Dinas_Lingkungan_Hidup
-0.9521141,114.8975169,Dinas_Lingkungan_Hidup
-0.9521309,114.8974697,Dinas_Lingkungan_Hidup
-0.9519756,114.8974699,Dinas_Lingkungan_Hidup
-0.9520539,114.8975143,Dinas_Lingkungan_Hidup
-0.9521245,114.8974933,Dinas_Lingkungan_Hidup
-0.9520488,114.8974884,Dinas_Lingkungan_Hidup
-0.9520844,114.8975757,Dinas_Lingkungan_Hidup
-0.9519917,114.8975456,Dinas_Lingkungan_Hidup
-0.9520151,114.8974778,Dinas_Lingkungan_Hidup
-0.9521031,114.8975354,Dinas_Lingkungan_Hidup
-0.9520273,114.8975564,Dinas_Lingkungan_Hidup
-0.9519934,114.8974568,Dinas_Lingkungan_Hidup
-0.9519741,114.8974756,Dinas_Lingkungan_Hidup
-0.9521755,114.8975445,Dinas_Lingkungan_Hidup
-0.9521478,114.8975127,Dinas_Lingkungan_Hidup
-0.9521585,114.8975254,Dinas_Lingkungan_Hidup
-0.9521088,114.8975087,Dinas_Lingkungan_Hidup
-0.9520286,114.8975383,Dinas_Lingkungan_Hidup
-0.9520095,114.8974558,Dinas_Lingkungan_Hidup
-0.9520908,114.8975318,Dinas_Lingkungan_Hidup
-0.9521222,114.8974505,Dinas_Lingkungan_Hidup
-0.9520434,114.8974785,Dinas_Lingkungan_Hidup
-0.9520732,114.8974545,Dinas_Lingkungan_Hidup
-0.9519954,114.8974668,Dinas_Lingkungan_Hidup
-0.9400218,114.8953856,DINAS_PUPR_JL_PENDREH
-0.9400826,114.8954323,DINAS_PUPR_JL_PENDREH
-0.9400738,114.8954424,DINAS_PUPR_JL_PENDREH
-0.9400613,114.8954506,DINAS_PUPR_JL_PENDREH
-0.9401307,114.8954776,DINAS_PUPR_JL_PENDREH
-0.9401306,114.8955099,DINAS_PUPR_JL_PENDREH
-0.9400718,114.8954188,DINAS_PUPR_JL_PENDREH
-0.9401077,114.8954844,DINAS_PUPR_JL_PENDREH
-0.9400961,114.8953919,DINAS_PUPR_JL_PENDREH
-0.9400666,114.8954575,DINAS_PUPR_JL_PENDREH
-0.9400802,114.8953924,DINAS_PUPR_JL_PENDREH
-0.9401231,114.8954651,DINAS_PUPR_JL_PENDREH
-0.9400912,114.8955148,DINAS_PUPR_JL_PENDREH
-0.9399967,114.8954847,DINAS_PUPR_JL_PENDREH
-0.9401528,114.8954448,DINAS_PUPR_JL_PENDREH
-0.9400833,114.8954019,DINAS_PUPR_JL_PENDREH
-0.9400307,114.8954767,DINAS_PUPR_JL_PENDREH
-0.9401449,114.8954145,DINAS_PUPR_JL_PENDREH
-0.9401671,114.8955076,DINAS_PUPR_JL_PENDREH
-0.9400781,114.8954522,DINAS_PUPR_JL_PENDREH
-0.9401058,114.8954481,DINAS_PUPR_JL_PENDREH
-0.9400065,114.8954163,DINAS_PUPR_JL_PENDREH
-0.9399974,114.8954629,DINAS_PUPR_JL_PENDREH
-0.9400974,114.8953949,DINAS_PUPR_JL_PENDREH
-0.9400521,114.8955058,DINAS_PUPR_JL_PENDREH
-0.9400515,114.8954617,DINAS_PUPR_JL_PENDREH
-0.9401288,114.8955374,DINAS_PUPR_JL_PENDREH
-0.9400194,114.8954084,DINAS_PUPR_JL_PENDREH
-0.9400079,114.8954814,DINAS_PUPR_JL_PENDREH
-0.9401166,114.8954654,DINAS_PUPR_JL_PENDREH
-0.9400746,114.8954963,DINAS_PUPR_JL_PENDREH
-0.9400029,114.8954541,DINAS_PUPR_JL_PENDREH
-0.9401085,114.8954232,DINAS_PUPR_JL_PENDREH
-0.9401506,114.8955154,DINAS_PUPR_JL_PENDREH
-0.9400268,114.8954685,DINAS_PUPR_JL_PENDREH
-0.9401651,114.8954716,DINAS_PUPR_JL_PENDREH
-0.9400592,114.8953865,DINAS_PUPR_JL_PENDREH
-0.9401285,114.8954949,DINAS_PUPR_JL_PENDREH
-0.9400905,114.8954423,DINAS_PUPR_JL_PENDREH
-0.9401172,114.8954491,DINAS_PUPR_JL_PENDREH
-0.9400524,114.8954387,DINAS_PUPR_JL_PENDREH
-0.9400367,114.8954569,DINAS_PUPR_JL_PENDREH
-0.9400199,114.8954491,DINAS_PUPR_JL_PENDREH
-0.9400148,114.8954216,DINAS_PUPR_JL_PENDREH
-0.9400401,114.8954924,DINAS_PUPR_JL_PENDREH
-0.9401007,114.8955089,DINAS_PUPR_JL_PENDREH
-0.9399952,114.8954128,DINAS_PUPR_JL_PENDREH
-0.9400516,114.8954521,DINAS_PUPR_JL_PENDREH
-0.9401496,114.8955085,DINAS_PUPR_JL_PENDREH
-0.9400687,114.8954429,DINAS_PUPR_JL_PENDREH
-0.9400252,114.8954311,DINAS_PUPR_JL_PENDREH
-0.9401733,114.8954862,DINAS_PUPR_JL_PENDREH
-0.9400678,114.8954507,DINAS_PUPR_JL_PENDREH
-0.9400936,114.8955018,DINAS_PUPR_JL_PENDREH
-0.9401711,114.8954604,DINAS_PUPR_JL_PENDREH
-0.9400369,114.8954721,DINAS_PUPR_JL_PENDREH
-0.9401231,114.8954806,DINAS_PUPR_JL_PENDREH
-0.9401059,114.8954542,DINAS_PUPR_JL_PENDREH
-0.9401298,114.8954808,DINAS_PUPR_JL_PENDREH
-0.9401426,114.8954723,DINAS_PUPR_JL_PENDREH
-0.9400481,114.8955033,DINAS_PUPR_JL_PENDREH
-0.9400369,114.8954605,DINAS_PUPR_JL_PENDREH
-0.9400931,114.8954567,DINAS_PUPR_JL_PENDREH
-0.9400189,114.8954112,DINAS_PUPR_JL_PENDREH
-0.9400719,114.8955344,DINAS_PUPR_JL_PENDREH
-0.9401064,114.8955141,DINAS_PUPR_JL_PENDREH
-0.9400934,114.8955219,DINAS_PUPR_JL_PENDREH
-0.9400148,114.8955086,DINAS_PUPR_JL_PENDREH
-0.9399961,114.8954434,DINAS_PUPR_JL_PENDREH
-0.9401784,114.8954414,DINAS_PUPR_JL_PENDREH
-0.9401335,114.8954985,DINAS_PUPR_JL_PENDREH
-0.9400965,114.8955294,DINAS_PUPR_JL_PENDREH
-0.9401561,114.8954335,DINAS_PUPR_JL_PENDREH
-0.9401572,114.8954955,DINAS_PUPR_JL_PENDREH
-0.9400717,114.8954743,DINAS_PUPR_JL_PENDREH
-0.9400288,114.8954693,DINAS_PUPR_JL_PENDREH
-0.9400928,114.8954066,DINAS_PUPR_JL_PENDREH
-0.9400182,114.8954651,DINAS_PUPR_JL_PENDREH
-0.9401482,114.8954835,DINAS_PUPR_JL_PENDREH
-0.9400867,114.8954086,DINAS_PUPR_JL_PENDREH
-0.9401192,114.8954167,DINAS_PUPR_JL_PENDREH
-0.9400356,114.8954681,DINAS_PUPR_JL_PENDREH
-0.9400173,114.8954723,DINAS_PUPR_JL_PENDREH
-0.9401541,114.8954373,DINAS_PUPR_JL_PENDREH
-0.9400067,114.8953872,DINAS_PUPR_JL_PENDREH
-0.9400258,114.8954669,DINAS_PUPR_JL_PENDREH
-0.9400887,114.8954263,DINAS_PUPR_JL_PENDREH
-0.9399901,114.8954004,DINAS_PUPR_JL_PENDREH
-0.9400187,114.8954979,DINAS_PUPR_JL_PENDREH
-0.9399987,114.8954376,DINAS_PUPR_JL_PENDREH
-0.9401214,114.8955099,DINAS_PUPR_JL_PENDREH
-0.9401617,114.8954473,DINAS_PUPR_JL_PENDREH
-0.9401186,114.8954103,DINAS_PUPR_JL_PENDREH
-0.9400112,114.8954478,DINAS_PUPR_JL_PENDREH
-0.9401027,114.8954654,DINAS_PUPR_JL_PENDREH
-0.9401126,114.8954843,DINAS_PUPR_JL_PENDREH
-0.9400903,114.8954119,DINAS_PUPR_JL_PENDREH
-0.9400993,114.8954441,DINAS_PUPR_JL_PENDREH
-0.9400828,114.8954429,DINAS_PUPR_JL_PENDREH
-0.9400122,114.8955059,DINAS_PUPR_JL_PENDREH
-0.9583623,114.8966064,DISDALDUK_KB_DAN_PPPA_JL_A_YANI
-0.9583924,114.8965806,DISDALDUK_KB_DAN_PPPA_JL_A_YANI
-0.9583507,114.8965894,DISDALDUK_KB_DAN_PPPA_JL_A_YANI
-0.9583819,114.8965569,DISDALDUK_KB_DAN_PPPA_JL_A_YANI
-0.9583481,114.8965256,DISDALDUK_KB_DAN_PPPA_JL_A_YANI
-0.9583954,114.8966261,DISDALDUK_KB_DAN_PPPA_JL_A_YANI
-0.9583254,114.8965456,DISDALDUK_KB_DAN_PPPA_JL_A_YANI
-0.9583765,114.8966124,DISDALDUK_KB_DAN_PPPA_JL_A_YANI
-0.9583091,114.8965916,DISDALDUK_KB_DAN_PPPA_JL_A_YANI
-0.9583812,114.8966182,DISDALDUK_KB_DAN_PPPA_JL_A_YANI
-0.9583473,114.8965694,DISDALDUK_KB_DAN_PPPA_JL_A_YANI
-0.9584078,114.8966159,DISDALDUK_KB_DAN_PPPA_JL_A_YANI
-0.9582857,114.8965605,DISDALDUK_KB_DAN_PPPA_JL_A_YANI
-0.9583768,114.8965856,DISDALDUK_KB_DAN_PPPA_JL_A_YANI
-0.9582954,114.8965993,DISDALDUK_KB_DAN_PPPA_JL_A_YANI
-0.9584154,114.8965166,DISDALDUK_KB_DAN_PPPA_JL_A_YANI
-0.9583108,114.8965192,DISDALDUK_KB_DAN_PPPA_JL_A_YANI
-0.9583226,114.8966266,DISDALDUK_KB_DAN_PPPA_JL_A_YANI
-0.9583757,114.8966048,DISDALDUK_KB_DAN_PPPA_JL_A_YANI
-0.9584065,114.8965383,DISDALDUK_KB_DAN_PPPA_JL_A_YANI
-0.9583637,114.8965323,DISDALDUK_KB_DAN_PPPA_JL_A_YANI
-0.9584143,114.8965717,DISDALDUK_KB_DAN_PPPA_JL_A_YANI
-0.9583378,114.8965913,DISDALDUK_KB_DAN_PPPA_JL_A_YANI
-0.9582949,114.8965697,DISDALDUK_KB_DAN_PPPA_JL_A_YANI
-0.9584032,114.8965101,DISDALDUK_KB_DAN_PPPA_JL_A_YANI
-0.9583139,114.8965264,DISDALDUK_KB_DAN_PPPA_JL_A_YANI
-0.9583695,114.8965799,DISDALDUK_KB_DAN_PPPA_JL_A_YANI
-0.9583266,114.8965621,DISDALDUK_KB_DAN_PPPA_JL_A_YANI
-0.9584154,114.8965359,DISDALDUK_KB_DAN_PPPA_JL_A_YANI
-0.9583282,114.8965255,DISDALDUK_KB_DAN_PPPA_JL_A_YANI
-0.9583991,114.8966203,DISDALDUK_KB_DAN_PPPA_JL_A_YANI
-0.9583877,114.8965371,DISDALDUK_KB_DAN_PPPA_JL_A_YANI
-0.9583189,114.8965881,DISDALDUK_KB_DAN_PPPA_JL_A_YANI
-0.9583026,114.8965741,DISDALDUK_KB_DAN_PPPA_JL_A_YANI
-0.9584124,114.8965285,DISDALDUK_KB_DAN_PPPA_JL_A_YANI
-0.9584274,114.8966008,DISDALDUK_KB_DAN_PPPA_JL_A_YANI
-0.9583302,114.8965881,DISDALDUK_KB_DAN_PPPA_JL_A_YANI
-0.9583363,114.8966102,DISDALDUK_KB_DAN_PPPA_JL_A_YANI
-0.9583047,114.8965509,DISDALDUK_KB_DAN_PPPA_JL_A_YANI
-0.9582983,114.8965902,DISDALDUK_KB_DAN_PPPA_JL_A_YANI
-0.9584235,114.8966052,DISDALDUK_KB_DAN_PPPA_JL_A_YANI
-0.9583532,114.8966123,DISDALDUK_KB_DAN_PPPA_JL_A_YANI
-0.9583656,114.8965547,DISDALDUK_KB_DAN_PPPA_JL_A_YANI
-0.9583284,114.8966005,DISDALDUK_KB_DAN_PPPA_JL_A_YANI
-0.9583723,114.8965202,DISDALDUK_KB_DAN_PPPA_JL_A_YANI
-0.9583862,114.8965576,DISDALDUK_KB_DAN_PPPA_JL_A_YANI
-0.9583364,114.8966278,DISDALDUK_KB_DAN_PPPA_JL_A_YANI
-0.9583525,114.8965792,DISDALDUK_KB_DAN_PPPA_JL_A_YANI
-0.9583436,114.8965673,DISDALDUK_KB_DAN_PPPA_JL_A_YANI
-0.9584208,114.8965828,DISDALDUK_KB_DAN_PPPA_JL_A_YANI
-0.9583458,114.8965387,DISDALDUK_KB_DAN_PPPA_JL_A_YANI
-0.9583837,114.8966106,DISDALDUK_KB_DAN_PPPA_JL_A_YANI
-0.9583387,114.8965768,DISDALDUK_KB_DAN_PPPA_JL_A_YANI
-0.9583194,114.8965293,DISDALDUK_KB_DAN_PPPA_JL_A_YANI
-0.9583551,114.8966272,DISDALDUK_KB_DAN_PPPA_JL_A_YANI
-0.9583533,114.8965953,DISDALDUK_KB_DAN_PPPA_JL_A_YANI
-0.9583727,114.8965275,DISDALDUK_KB_DAN_PPPA_JL_A_YANI
-0.9584162,114.8965845,DISDALDUK_KB_DAN_PPPA_JL_A_YANI
-0.9583502,114.8965594,DISDALDUK_KB_DAN_PPPA_JL_A_YANI
-0.9584158,114.8965786,DISDALDUK_KB_DAN_PPPA_JL_A_YANI
-0.9583933,114.8965514,DISDALDUK_KB_DAN_PPPA_JL_A_YANI
-0.9582875,114.8965704,DISDALDUK_KB_DAN_PPPA_JL_A_YANI
-0.9583147,114.8966047,DISDALDUK_KB_DAN_PPPA_JL_A_YANI
-0.9583068,114.8965611,DISDALDUK_KB_DAN_PPPA_JL_A_YANI
-0.9583164,114.8966123,DISDALDUK_KB_DAN_PPPA_JL_A_YANI
-0.9582993,114.8965761,DISDALDUK_KB_DAN_PPPA_JL_A_YANI
-0.9583323,114.8965639,DISDALDUK_KB_DAN_PPPA_JL_A_YANI
-0.9583891,114.8965549,DISDALDUK_KB_DAN_PPPA_JL_A_YANI
-0.9583446,114.8965719,DISDALDUK_KB_DAN_PPPA_JL_A_YANI
-0.9583543,114.8966298,DISDALDUK_KB_DAN_PPPA_JL_A_YANI
-0.9583328,114.8966073,DISDALDUK_KB_DAN_PPPA_JL_A_YANI
-0.9583382,114.8966068,DISDALDUK_KB_DAN_PPPA_JL_A_YANI
-0.9583229,114.8965184,DISDALDUK_KB_DAN_PPPA_JL_A_YANI
-0.9584127,114.8966165,DISDALDUK_KB_DAN_PPPA_JL_A_YANI
-0.9584243,114.8966228,DISDALDUK_KB_DAN_PPPA_JL_A_YANI
-0.9583473,114.8965341,DISDALDUK_KB_DAN_PPPA_JL_A_YANI
-0.9582913,114.8965563,DISDALDUK_KB_DAN_PPPA_JL_A_YANI
-0.9583652,114.8966082,DISDALDUK_KB_DAN_PPPA_JL_A_YANI
-0.9583802,114.8965322,DISDALDUK_KB_DAN_PPPA_JL_A_YANI
-0.9583803,114.8965536,DISDALDUK_KB_DAN_PPPA_JL_A_YANI
-0.9583397,114.8965391,DISDALDUK_KB_DAN_PPPA_JL_A_YANI
-0.9583564,114.8966288,DISDALDUK_KB_DAN_PPPA_JL_A_YANI
-0.9582904,114.8965859,DISDALDUK_KB_DAN_PPPA_JL_A_YANI
-0.9583922,114.8965298,DISDALDUK_KB_DAN_PPPA_JL_A_YANI
-0.9583456,114.8966266,DISDALDUK_KB_DAN_PPPA_JL_A_YANI
-0.9583805,114.8965116,DISDALDUK_KB_DAN_PPPA_JL_A_YANI
-0.9583359,114.8965274,DISDALDUK_KB_DAN_PPPA_JL_A_YANI
-0.9584065,114.8965771,DISDALDUK_KB_DAN_PPPA_JL_A_YANI
-0.9583692,114.8965429,DISDALDUK_KB_DAN_PPPA_JL_A_YANI
-0.9584181,114.8965334,DISDALDUK_KB_DAN_PPPA_JL_A_YANI
-0.9583212,114.8966179,DISDALDUK_KB_DAN_PPPA_JL_A_YANI
-0.9583154,114.8965269,DISDALDUK_KB_DAN_PPPA_JL_A_YANI
-0.9583509,114.8965564,DISDALDUK_KB_DAN_PPPA_JL_A_YANI
-0.9583757,114.8965521,DISDALDUK_KB_DAN_PPPA_JL_A_YANI
-0.9583511,114.8965375,DISDALDUK_KB_DAN_PPPA_JL_A_YANI
-0.9583226,114.8965182,DISDALDUK_KB_DAN_PPPA_JL_A_YANI
-0.9583939,114.8965593,DISDALDUK_KB_DAN_PPPA_JL_A_YANI
-0.9583851,114.8965286,DISDALDUK_KB_DAN_PPPA_JL_A_YANI
-0.9583498,114.8965265,DISDALDUK_KB_DAN_PPPA_JL_A_YANI
-0.9583953,114.8966037,DISDALDUK_KB_DAN_PPPA_JL_A_YANI
-0.9598155,114.8994648,DISDUKCAPIL_JL_TUMENGGUNG_SUROPATI
-0.9597647,114.8994652,DISDUKCAPIL_JL_TUMENGGUNG_SUROPATI
-0.9598547,114.8994374,DISDUKCAPIL_JL_TUMENGGUNG_SUROPATI
-0.9598398,114.8994524,DISDUKCAPIL_JL_TUMENGGUNG_SUROPATI
-0.9598344,114.8994633,DISDUKCAPIL_JL_TUMENGGUNG_SUROPATI
-0.9597716,114.8994606,DISDUKCAPIL_JL_TUMENGGUNG_SUROPATI
-0.9597988,114.8994737,DISDUKCAPIL_JL_TUMENGGUNG_SUROPATI
-0.9598758,114.8995024,DISDUKCAPIL_JL_TUMENGGUNG_SUROPATI
-0.9598268,114.8994583,DISDUKCAPIL_JL_TUMENGGUNG_SUROPATI
-0.9598146,114.8994751,DISDUKCAPIL_JL_TUMENGGUNG_SUROPATI
-0.9597816,114.8994554,DISDUKCAPIL_JL_TUMENGGUNG_SUROPATI
-0.9598816,114.8994899,DISDUKCAPIL_JL_TUMENGGUNG_SUROPATI
-0.9597978,114.8994687,DISDUKCAPIL_JL_TUMENGGUNG_SUROPATI
-0.9597857,114.8994777,DISDUKCAPIL_JL_TUMENGGUNG_SUROPATI
-0.9598403,114.8994382,DISDUKCAPIL_JL_TUMENGGUNG_SUROPATI
-0.9597668,114.8994762,DISDUKCAPIL_JL_TUMENGGUNG_SUROPATI
-0.9598426,114.8994379,DISDUKCAPIL_JL_TUMENGGUNG_SUROPATI
-0.9597598,114.8995045,DISDUKCAPIL_JL_TUMENGGUNG_SUROPATI
-0.9597974,114.8994638,DISDUKCAPIL_JL_TUMENGGUNG_SUROPATI
-0.9598163,114.8994726,DISDUKCAPIL_JL_TUMENGGUNG_SUROPATI
-0.9597944,114.8994694,DISDUKCAPIL_JL_TUMENGGUNG_SUROPATI
-0.9598559,114.8994476,DISDUKCAPIL_JL_TUMENGGUNG_SUROPATI
-0.9598594,114.8995201,DISDUKCAPIL_JL_TUMENGGUNG_SUROPATI
-0.9598355,114.8994632,DISDUKCAPIL_JL_TUMENGGUNG_SUROPATI
-0.9598445,114.8995085,DISDUKCAPIL_JL_TUMENGGUNG_SUROPATI
-0.9598664,114.8995002,DISDUKCAPIL_JL_TUMENGGUNG_SUROPATI
-0.9598361,114.8994895,DISDUKCAPIL_JL_TUMENGGUNG_SUROPATI
-0.9597847,114.8994512,DISDUKCAPIL_JL_TUMENGGUNG_SUROPATI
-0.9598236,114.8994723,DISDUKCAPIL_JL_TUMENGGUNG_SUROPATI
-0.9598279,114.8995042,DISDUKCAPIL_JL_TUMENGGUNG_SUROPATI
-0.9598059,114.8994457,DISDUKCAPIL_JL_TUMENGGUNG_SUROPATI
-0.9597792,114.8994952,DISDUKCAPIL_JL_TUMENGGUNG_SUROPATI
-0.9598402,114.8995399,DISDUKCAPIL_JL_TUMENGGUNG_SUROPATI
-0.9598784,114.8995145,DISDUKCAPIL_JL_TUMENGGUNG_SUROPATI
-0.9597702,114.8994656,DISDUKCAPIL_JL_TUMENGGUNG_SUROPATI
-0.9598546,114.8995191,DISDUKCAPIL_JL_TUMENGGUNG_SUROPATI
-0.9597919,114.8994438,DISDUKCAPIL_JL_TUMENGGUNG_SUROPATI
-0.9597756,114.8995064,DISDUKCAPIL_JL_TUMENGGUNG_SUROPATI
-0.9598296,114.8995061,DISDUKCAPIL_JL_TUMENGGUNG_SUROPATI
-0.9598469,114.8995077,DISDUKCAPIL_JL_TUMENGGUNG_SUROPATI
-0.9597975,114.8994428,DISDUKCAPIL_JL_TUMENGGUNG_SUROPATI
-0.9597947,114.8994651,DISDUKCAPIL_JL_TUMENGGUNG_SUROPATI
-0.9598287,114.8995237,DISDUKCAPIL_JL_TUMENGGUNG_SUROPATI
-0.9598304,114.8994602,DISDUKCAPIL_JL_TUMENGGUNG_SUROPATI
-0.9598487,114.8995265,DISDUKCAPIL_JL_TUMENGGUNG_SUROPATI
-0.9598006,114.8994335,DISDUKCAPIL_JL_TUMENGGUNG_SUROPATI
-0.9598573,114.8995044,DISDUKCAPIL_JL_TUMENGGUNG_SUROPATI
-0.9598096,114.8995138,DISDUKCAPIL_JL_TUMENGGUNG_SUROPATI
-0.9598632,114.8995062,DISDUKCAPIL_JL_TUMENGGUNG_SUROPATI
-0.9598584,114.8994704,DISDUKCAPIL_JL_TUMENGGUNG_SUROPATI
-0.9597932,114.8994664,DISDUKCAPIL_JL_TUMENGGUNG_SUROPATI
-0.9597607,114.8994651,DISDUKCAPIL_JL_TUMENGGUNG_SUROPATI
-0.9597771,114.8994917,DISDUKCAPIL_JL_TUMENGGUNG_SUROPATI
-0.9598304,114.8995012,DISDUKCAPIL_JL_TUMENGGUNG_SUROPATI
-0.9598033,114.8995205,DISDUKCAPIL_JL_TUMENGGUNG_SUROPATI
-0.9598771,114.8995216,DISDUKCAPIL_JL_TUMENGGUNG_SUROPATI
-0.9598017,114.8994883,DISDUKCAPIL_JL_TUMENGGUNG_SUROPATI
-0.9598734,114.8994766,DISDUKCAPIL_JL_TUMENGGUNG_SUROPATI
-0.9597728,114.8994598,DISDUKCAPIL_JL_TUMENGGUNG_SUROPATI
-0.9598291,114.8994506,DISDUKCAPIL_JL_TUMENGGUNG_SUROPATI
-0.9598278,114.8994637,DISDUKCAPIL_JL_TUMENGGUNG_SUROPATI
-0.9597625,114.8994838,DISDUKCAPIL_JL_TUMENGGUNG_SUROPATI
-0.9598642,114.8994793,DISDUKCAPIL_JL_TUMENGGUNG_SUROPATI
-0.9597804,114.8995339,DISDUKCAPIL_JL_TUMENGGUNG_SUROPATI
-0.9598463,114.8994611,DISDUKCAPIL_JL_TUMENGGUNG_SUROPATI
-0.9597826,114.8994544,DISDUKCAPIL_JL_TUMENGGUNG_SUROPATI
-0.9597926,114.8994465,DISDUKCAPIL_JL_TUMENGGUNG_SUROPATI
-0.9598538,114.8994659,DISDUKCAPIL_JL_TUMENGGUNG_SUROPATI
-0.9597795,114.8994781,DISDUKCAPIL_JL_TUMENGGUNG_SUROPATI
-0.9597803,114.8994805,DISDUKCAPIL_JL_TUMENGGUNG_SUROPATI
-0.9597715,114.8994773,DISDUKCAPIL_JL_TUMENGGUNG_SUROPATI
-0.9598548,114.8995242,DISDUKCAPIL_JL_TUMENGGUNG_SUROPATI
-0.9598485,114.8995101,DISDUKCAPIL_JL_TUMENGGUNG_SUROPATI
-0.9597895,114.8995344,DISDUKCAPIL_JL_TUMENGGUNG_SUROPATI
-0.9598591,114.8994858,DISDUKCAPIL_JL_TUMENGGUNG_SUROPATI
-0.9597617,114.8994732,DISDUKCAPIL_JL_TUMENGGUNG_SUROPATI
-0.9597756,114.8994484,DISDUKCAPIL_JL_TUMENGGUNG_SUROPATI
-0.9598485,114.8994827,DISDUKCAPIL_JL_TUMENGGUNG_SUROPATI
-0.9598263,114.8994304,DISDUKCAPIL_JL_TUMENGGUNG_SUROPATI
-0.9598287,114.8994673,DISDUKCAPIL_JL_TUMENGGUNG_SUROPATI
-0.9598513,114.8994385,DISDUKCAPIL_JL_TUMENGGUNG_SUROPATI
-0.9597602,114.8994713,DISDUKCAPIL_JL_TUMENGGUNG_SUROPATI
-0.9597857,114.8995171,DISDUKCAPIL_JL_TUMENGGUNG_SUROPATI
-0.9598667,114.8995133,DISDUKCAPIL_JL_TUMENGGUNG_SUROPATI
-0.9598493,114.8994742,DISDUKCAPIL_JL_TUMENGGUNG_SUROPATI
-0.9597798,114.8994948,DISDUKCAPIL_JL_TUMENGGUNG_SUROPATI
-0.9598427,114.8995277,DISDUKCAPIL_JL_TUMENGGUNG_SUROPATI
-0.9598267,114.8994727,DISDUKCAPIL_JL_TUMENGGUNG_SUROPATI
-0.9598424,114.8994483,DISDUKCAPIL_JL_TUMENGGUNG_SUROPATI
-0.9597718,114.8994722,DISDUKCAPIL_JL_TUMENGGUNG_SUROPATI
-0.9598388,114.8994541,DISDUKCAPIL_JL_TUMENGGUNG_SUROPATI
-0.9598639,114.8994546,DISDUKCAPIL_JL_TUMENGGUNG_SUROPATI
-0.9598332,114.8994679,DISDUKCAPIL_JL_TUMENGGUNG_SUROPATI
-0.9597983,114.8994647,DISDUKCAPIL_JL_TUMENGGUNG_SUROPATI
-0.9598487,114.8995071,DISDUKCAPIL_JL_TUMENGGUNG_SUROPATI
-0.9598039,114.8995045,DISDUKCAPIL_JL_TUMENGGUNG_SUROPATI
-0.9598389,114.8994834,DISDUKCAPIL_JL_TUMENGGUNG_SUROPATI
-0.9597914,114.8994967,DISDUKCAPIL_JL_TUMENGGUNG_SUROPATI
-0.9598387,114.8994672,DISDUKCAPIL_JL_TUMENGGUNG_SUROPATI
-0.9598255,114.8994563,DISDUKCAPIL_JL_TUMENGGUNG_SUROPATI
-0.9524586,114.8984601,Sekretariat_Daerah_JL_A_YANI
-0.9524064,114.8983537,Sekretariat_Daerah_JL_A_YANI
-0.9523684,114.8983685,Sekretariat_Daerah_JL_A_YANI
-0.9524782,114.8984381,Sekretariat_Daerah_JL_A_YANI
-0.9524205,114.8984559,Sekretariat_Daerah_JL_A_YANI
-0.9524754,114.8984075,Sekretariat_Daerah_JL_A_YANI
-0.9524518,114.8983574,Sekretariat_Daerah_JL_A_YANI
-0.9524404,114.8983868,Sekretariat_Daerah_JL_A_YANI
-0.9523992,114.8984336,Sekretariat_Daerah_JL_A_YANI
-0.9524227,114.8983549,Sekretariat_Daerah_JL_A_YANI
-0.9524537,114.8984469,Sekretariat_Daerah_JL_A_YANI
-0.9524932,114.8984207,Sekretariat_Daerah_JL_A_YANI
-0.9524098,114.8984617,Sekretariat_Daerah_JL_A_YANI
-0.9523831,114.8983602,Sekretariat_Daerah_JL_A_YANI
-0.9523933,114.8984464,Sekretariat_Daerah_JL_A_YANI
-0.9524822,114.8983609,Sekretariat_Daerah_JL_A_YANI
-0.9524806,114.8983914,Sekretariat_Daerah_JL_A_YANI
-0.9524305,114.8984542,Sekretariat_Daerah_JL_A_YANI
-0.9524652,114.8984461,Sekretariat_Daerah_JL_A_YANI
-0.9523686,114.8983667,Sekretariat_Daerah_JL_A_YANI
-0.9524879,114.8983836,Sekretariat_Daerah_JL_A_YANI
-0.9524486,114.8984484,Sekretariat_Daerah_JL_A_YANI
-0.9524626,114.8984397,Sekretariat_Daerah_JL_A_YANI
-0.9524285,114.8983567,Sekretariat_Daerah_JL_A_YANI
-0.9524335,114.8984708,Sekretariat_Daerah_JL_A_YANI
-0.9523884,114.8984215,Sekretariat_Daerah_JL_A_YANI
-0.9525015,114.8984143,Sekretariat_Daerah_JL_A_YANI
-0.9524441,114.8984061,Sekretariat_Daerah_JL_A_YANI
-0.9523881,114.8983774,Sekretariat_Daerah_JL_A_YANI
-0.9524084,114.8983612,Sekretariat_Daerah_JL_A_YANI
-0.9524622,114.8983614,Sekretariat_Daerah_JL_A_YANI
-0.9523823,114.8983428,Sekretariat_Daerah_JL_A_YANI
-0.9523694,114.8984114,Sekretariat_Daerah_JL_A_YANI
-0.9524763,114.8984431,Sekretariat_Daerah_JL_A_YANI
-0.9523903,114.8984377,Sekretariat_Daerah_JL_A_YANI
-0.9524721,114.8984291,Sekretariat_Daerah_JL_A_YANI
-0.9523813,114.8983705,Sekretariat_Daerah_JL_A_YANI
-0.9523731,114.8983954,Sekretariat_Daerah_JL_A_YANI
-0.9524665,114.8984588,Sekretariat_Daerah_JL_A_YANI
-0.9524009,114.8983499,Sekretariat_Daerah_JL_A_YANI
-0.9524831,114.8984055,Sekretariat_Daerah_JL_A_YANI
-0.9523842,114.8984231,Sekretariat_Daerah_JL_A_YANI
-0.9523997,114.8984487,Sekretariat_Daerah_JL_A_YANI
-0.9524359,114.8984507,Sekretariat_Daerah_JL_A_YANI
-0.9524518,114.8983996,Sekretariat_Daerah_JL_A_YANI
-0.9524181,114.8984711,Sekretariat_Daerah_JL_A_YANI
-0.9524333,114.8984059,Sekretariat_Daerah_JL_A_YANI
-0.9523804,114.8984036,Sekretariat_Daerah_JL_A_YANI
-0.9524829,114.8984387,Sekretariat_Daerah_JL_A_YANI
-0.9524963,114.8984209,Sekretariat_Daerah_JL_A_YANI
-0.9524345,114.8984114,Sekretariat_Daerah_JL_A_YANI
-0.9524374,114.8984136,Sekretariat_Daerah_JL_A_YANI
-0.9524435,114.8983654,Sekretariat_Daerah_JL_A_YANI
-0.9524317,114.8983825,Sekretariat_Daerah_JL_A_YANI
-0.9524462,114.8983545,Sekretariat_Daerah_JL_A_YANI
-0.9524529,114.8983763,Sekretariat_Daerah_JL_A_YANI
-0.9524245,114.8984317,Sekretariat_Daerah_JL_A_YANI
-0.9524497,114.8984528,Sekretariat_Daerah_JL_A_YANI
-0.9523659,114.8983994,Sekretariat_Daerah_JL_A_YANI
-0.9523801,114.8984026,Sekretariat_Daerah_JL_A_YANI
-0.9524164,114.8984273,Sekretariat_Daerah_JL_A_YANI
-0.9524743,114.8983815,Sekretariat_Daerah_JL_A_YANI
-0.9524787,114.8984439,Sekretariat_Daerah_JL_A_YANI
-0.9524703,114.8983671,Sekretariat_Daerah_JL_A_YANI
-0.9524037,114.8984497,Sekretariat_Daerah_JL_A_YANI
-0.9524367,114.8984449,Sekretariat_Daerah_JL_A_YANI
-0.9524481,114.8984374,Sekretariat_Daerah_JL_A_YANI
-0.9523885,114.8983689,Sekretariat_Daerah_JL_A_YANI
-0.9524282,114.8984721,Sekretariat_Daerah_JL_A_YANI
-0.9524538,114.8984623,Sekretariat_Daerah_JL_A_YANI
-0.9524917,114.8984165,Sekretariat_Daerah_JL_A_YANI
-0.9524503,114.8983922,Sekretariat_Daerah_JL_A_YANI
-0.9524766,114.8984417,Sekretariat_Daerah_JL_A_YANI
-0.9524544,114.8983501,Sekretariat_Daerah_JL_A_YANI
-0.9523852,114.8983735,Sekretariat_Daerah_JL_A_YANI
-0.9524661,114.8984389,Sekretariat_Daerah_JL_A_YANI
-0.9524866,114.8983659,Sekretariat_Daerah_JL_A_YANI
-0.9524369,114.8984649,Sekretariat_Daerah_JL_A_YANI
-0.9524779,114.8984077,Sekretariat_Daerah_JL_A_YANI
-0.9524871,114.8984231,Sekretariat_Daerah_JL_A_YANI
-0.9524726,114.8984014,Sekretariat_Daerah_JL_A_YANI
-0.9523892,114.8984092,Sekretariat_Daerah_JL_A_YANI
-0.9523779,114.8983661,Sekretariat_Daerah_JL_A_YANI
-0.9523892,114.8983981,Sekretariat_Daerah_JL_A_YANI
-0.9524731,114.8984558,Sekretariat_Daerah_JL_A_YANI
-0.9524516,114.8984043,Sekretariat_Daerah_JL_A_YANI
-0.9524745,114.8983971,Sekretariat_Daerah_JL_A_YANI
-0.9524131,114.8983721,Sekretariat_Daerah_JL_A_YANI
-0.9524692,114.8984151,Sekretariat_Daerah_JL_A_YANI
-0.9524728,114.8984011,Sekretariat_Daerah_JL_A_YANI
-0.9524889,114.8983751,Sekretariat_Daerah_JL_A_YANI
-0.9523746,114.8984375,Sekretariat_Daerah_JL_A_YANI
-0.9523615,114.8983876,Sekretariat_Daerah_JL_A_YANI
-0.9523858,114.8984102,Sekretariat_Daerah_JL_A_YANI
-0.9524475,114.8984213,Sekretariat_Daerah_JL_A_YANI
-0.9524436,114.8984725,Sekretariat_Daerah_JL_A_YANI
-0.9524401,114.8984356,Sekretariat_Daerah_JL_A_YANI
-0.9524083,114.8983943,Sekretariat_Daerah_JL_A_YANI
-0.9524593,114.8984503,Sekretariat_Daerah_JL_A_YANI
-0.9523803,114.8984104,Sekretariat_Daerah_JL_A_YANI
